name_x,identifier,name_y,unique_name,key_cricinfo,key_cricinfo_2
Tejas Baroka,c28e9f12,Tejas Baroka,Tejas Baroka,1082859.0,
SS Agarwal,b51f72a5,SS Agarwal,SS Agarwal,1079668.0,
DM Bravo,14b14cd8,DM Bravo,DM Bravo,277472.0,
NB Singh,b822e99c,NB Singh,NB Singh,853259.0,
AR Bawne,afe3355a,AR Bawne,AR Bawne,327123.0,
A Choudhary,18e6906e,A Choudhary,A Choudhary,527299.0,
MJ Henry,e84ac20c,MJ Henry,MJ Henry,506612.0,
Ankit Soni,f18ba07f,Ankit Soni,Ankit Soni,1083128.0,
Vishnu Vinod,0494fa6e,Vishnu Vinod,Vishnu Vinod,732293.0,
MA Wood,8d92a2c3,MA Wood,MA Wood,351588.0,
A Dananjaya,5b16a806,A Dananjaya,A Dananjaya,574178.0,
B Stanlake,6834d1f2,B Stanlake,B Stanlake,533042.0,
RB Richardson,410e2f12,RB Richardson,RB Richardson,52810.0,
CJ Dala,1cb14aa4,CJ Dala,CJ Dala,545467.0,
DJM Short,1a156c88,DJM Short,DJM Short,308798.0,
AD Hales,92aeac25,AD Hales,AD Hales,249866.0,
LE Plunkett,9a963804,LE Plunkett,LE Plunkett,19264.0,
JPR Scantlebury-Searles,99ed60f8,JPR Scantlebury-Searles,JPR Scantlebury-Searles,230554.0,
P Ray Barman,441c72ae,P Ray Barman,P Ray Barman,1159712.0,
P Chopra,8ac93ca2,P Chopra,P Chopra,500135.0,
S Midhun,ade90de7,S Midhun,S Midhun,1131619.0,
SC Kuggeleijn,fef92afc,SC Kuggeleijn,SC Kuggeleijn,539548.0,
SD Lad,9601c534,SD Lad,SD Lad,422342.0,
JL Denly,bdadf7da,JL Denly,JL Denly,12454.0,
RK Bhui,b63e358a,RK Bhui,RK Bhui,642531.0,
JP Behrendorff,4933f499,JP Behrendorff,JP Behrendorff,272477.0,
Milind Kumar,b4296080,Milind Kumar,Milind Kumar,451947.0,
GC Viljoen,a316d663,GC Viljoen,GC Viljoen,375126.0,
Y Prithvi Raj,cfa4bd2b,Y Prithvi Raj,Y Prithvi Raj,1121579.0,
AJ Turner,ff1e12a0,AJ Turner,AJ Turner,500268.0,
S Lamichhane,b410bd3d,S Lamichhane,S Lamichhane,960361.0,
H Klaasen,235c2bb6,H Klaasen,H Klaasen,436757.0,
IS Sodhi,641ac5ff,IS Sodhi,IS Sodhi,559066.0,
O Thomas,c6097d68,O Thomas,O Thomas,914567.0,
C de Grandhomme,94d7f855,C de Grandhomme,C de Grandhomme,55395.0,
K Khejroliya,fa2f1dde,K Khejroliya,K Khejroliya,1083033.0,
DR Shorey,faa7365d,DR Shorey,DR Shorey,590327.0,
HF Gurney,e412cb64,HF Gurney,HF Gurney,244639.0,
IJ Gould,a9dfdf6c,IJ Gould,IJ Gould,13414.0,
CJ Green,19b9f399,CJ Green,CJ Green,787073.0,
JR Philippe,39086549,JR Philippe,JR Philippe,1124282.0,
T Banton,25f7b7d6,T Banton,T Banton,877051.0,
SS Cottrell,a1d053dd,SS Cottrell,SS Cottrell,495551.0,
AT Carey,69d03465,AT Carey,AT Carey,326434.0,
JC Archer,5574750c,JC Archer,JC Archer,669855.0,
Monu Kumar,fb24e76c,Monu Kumar,Monu Kumar,694209.0,
I Udana,ac5ae4af,I Udana,I Udana,328026.0,
JL Pattinson,f752db61,JL Pattinson,JL Pattinson,272465.0,
KMA Paul,75224f22,KMA Paul,KMA Paul,677081.0,
P Dubey,ed5a5510,P Dubey,P Dubey,777515.0,
BA Stokes,e087956b,BA Stokes,BA Stokes,311158.0,
Mujeeb Ur Rahman,7d92277a,Mujeeb Ur Rahman,Mujeeb Ur Rahman,974109.0,
CR Woakes,4c5d73db,CR Woakes,CR Woakes,247235.0,
JA Richardson,1ee08e9a,JA Richardson,JA Richardson,774223.0,
Jalaj S Saxena,249abedf,Jalaj S Saxena,Jalaj S Saxena,237199.0,
LI Meriwala,d3611425,LI Meriwala,LI Meriwala,573930.0,
Virat Singh,26d76ad9,Virat Singh,Virat Singh,720465.0,
L Ngidi,f834dcfc,L Ngidi,L Ngidi,542023.0,
DJ Malan,ad9c32a2,DJ Malan,DJ Malan,236489.0,
Mohammad Nabi,62af8546,Mohammad Nabi,Mohammad Nabi,25913.0,
Akash Singh,b483905d,Akash Singh,Akash Singh,1175458.0,
KM Asif,798cc28e,KM Asif,KM Asif,1083030.0,
S Sandeep Warrier,cdc6bdba,S Sandeep Warrier,S Sandeep Warrier,592735.0,
K Yadav,030f3089,K Yadav,K Yadav,1206495.0,
SM Curran,e94915e6,SM Curran,SM Curran,662973.0,
GD Phillips,9a46c4e5,GD Phillips,GD Phillips,823509.0,
KA Jamieson,68c56d09,KA Jamieson,KA Jamieson,625960.0,
JJ Roy,d1c36f5c,JJ Roy,JJ Roy,298438.0,
AU Rashid,249d60c9,AU Rashid,AU Rashid,244497.0,
IC Porel,fdf7491e,IC Porel,IC Porel,967603.0,
TK Curran,e86754b2,TK Curran,TK Curran,550235.0,
GHS Garton,be869ccf,GHS Garton,GHS Garton,643433.0,
TU Deshpande,46a9bea1,TU Deshpande,TU Deshpande,822553.0,
RA Bawa,ba6b2f91,RA Bawa,RA Bawa,1292502.0,
Anmolpreet Singh,1399b39c,Anmolpreet Singh,Anmolpreet Singh,851261.0,
TL Seifert,4663bd23,TL Seifert,TL Seifert,625964.0,
Abdul Samad,8e514b4c,Abdul Samad,Abdul Samad,1175485.0,
Navdeep Saini,21d4e29b,Navdeep Saini,NA Saini,700167.0,
SE Rutherford,d014d5ac,SE Rutherford,SE Rutherford,914541.0,
AJ Tye,7c7d63a2,AJ Tye,AJ Tye,459508.0,
DJ Willey,7f048519,DJ Willey,DJ Willey,308251.0,
Rasikh Salam,b8527c3d,Rasikh Salam,Rasikh Salam,1161489.0,
DG Nalkande,cd8d2859,DG Nalkande,DG Nalkande,1111917.0,
Akash Deep,0a67aec0,Akash Deep,Akash Deep,1176959.0,
Basil Thampi,871e9faf,Basil Thampi,Basil Thampi,732291.0,
Aman Hakim Khan,378daa89,Aman Hakim Khan,Aman Hakim Khan,1254269.0,
FA Allen,b52ffbbd,FA Allen,FA Allen,670013.0,
TS Mills,245c97cb,TS Mills,TS Mills,459257.0,
OF Smith,23cca426,OF Smith,OF Smith,820691.0,
P Simran Singh,9418198b,P Simran Singh,P Simran Singh,1161024.0,
VG Arora,7c3b3b78,VG Arora,VG Arora,1209292.0,
A Manohar,0890552f,A Manohar,A Manohar,778963.0,
Anuj Rawat,c8f5f961,Anuj Rawat,Anuj Rawat,1123073.0,
DJ Mitchell,eade4650,DJ Mitchell,DJ Mitchell,381743.0,
DS Manohar,b35f3ac8,DS Manohar,DS Manohar,30900.0,
D Pretorius,11614d87,D Pretorius,D Pretorius,327830.0,
SS Prabhudessai,9385de2e,SS Prabhudessai,SS Prabhudessai,1083851.0,
B Sai Sudharsan,d5130a30,B Sai Sudharsan,B Sai Sudharsan,1151288.0,
AS Roy,e4cdf230,AS Roy,AS Roy,1079839.0,
B Indrajith,ff1e68fa,B Indrajith,B Indrajith,477069.0,
Harshit Rana,77b1aa15,Harshit Rana,Harshit Rana,1312645.0,
Shivam Mavi,c38d3503,Shivam Mavi,Shivam Mavi,1079848.0,
Kartik Tyagi,5d2eea49,Kartik Tyagi,Kartik Tyagi,1122918.0,
RV Patel,60500956,RV Patel,RV Patel,1201520.0,
SP Jackson,acc1aeda,SP Jackson,SP Jackson,237696.0,
KS Sharma,39ed0d2f,KS Sharma,KS Sharma,1246518.0,
C Sakariya,2cdce1be,C Sakariya,C Sakariya,1131754.0,
HE van der Dussen,9948e262,HE van der Dussen,HE van der Dussen,337790.0,
KL Nagarkoti,b4f5c2d9,KL Nagarkoti,KL Nagarkoti,1070188.0,
KR Sen,2e78f685,KR Sen,KR Sen,1163695.0,
KS Bharat,44a89551,KS Bharat,KS Bharat,529436.0,
A Totre,b1d7d7bc,A Totre,A Totre,961323.0,
Chirra Ravikanthreddy,8b680f55,Chirra Ravikanthreddy,Chirra Ravikanthreddy,391442.0,
K Kartikeya,f6d8a7ab,K Kartikeya,K Kartikeya,1159843.0,
M Theekshana,f24c6701,M Theekshana,M Theekshana,1138316.0,
Shakti Singh,eb90d319,Shakti Singh,Shakti Singh,33922.0,
Vinod Seshan,a3357a27,Vinod Seshan,Vinod Seshan,723245.0,
M Jansen,81c36ee9,M Jansen,M Jansen,696401.0,
MV Saidharshan Kumar,54b6007b,MV Saidharshan Kumar,MV Saidharshan Kumar,777551.0,
Shashank Singh,26989d80,Shashank Singh,Shashank Singh,377534.0,
V Narayan Kutty,4bacee3d,V Narayan Kutty,V Narayan Kutty,31899.0,
S Dube,a4e37e47,S Dube,S Dube,714451.0,
A Badoni,872b03f7,A Badoni,A Badoni,1151270.0,
Lalit Yadav,ad427b5c,Lalit Yadav,Lalit Yadav,930189.0,
PBB Rajapaksa,6c882e9a,PBB Rajapaksa,PBB Rajapaksa,342619.0,
Prakash Bhatt,f848ab0b,Prakash Bhatt,Prakash Bhatt,26923.0,
RD Chahar,2ed569a0,RD Chahar,RD Chahar,1064812.0,
N Pandit,4947c258,N Pandit,N Pandit,391525.0,
R Sanjay Yadav,33ffc3dd,R Sanjay Yadav,R Sanjay Yadav,1048841.0,
T Natarajan,ce794613,T Natarajan,T Natarajan,802575.0,
T Stubbs,85b3fab2,T Stubbs,T Stubbs,595978.0,
A Tomar,aa5d8c9e,A Tomar,A Tomar,1081183.0,
CV Varun,5b7ab5a9,CV Varun,CV Varun,1108375.0,
K Gowtham,90de905a,K Gowtham,K Gowtham,424377.0,
RK Singh,0a509d6b,RK Singh,RK Singh,723105.0,
VR Iyer,a24be938,VR Iyer,VR Iyer,851403.0,
DP Conway,df5a6881,DP Conway,DP Conway,379140.0,
M Pathirana,64839cb3,M Pathirana,M Pathirana,1194795.0,
MJ Santner,e4a0deae,MJ Santner,MJ Santner,502714.0,
MM Ali,bb351c23,MM Ali,MM Ali,8917.0,
Mukesh Choudhary,765a4731,Mukesh Choudhary,Mukesh Choudhary,1125688.0,
N Jagadeesan,bd54eef5,N Jagadeesan,N Jagadeesan,1048813.0,
PH Solanki,c695b423,PH Solanki,PH Solanki,1252337.0,
RD Gaikwad,45a43fe2,RD Gaikwad,RD Gaikwad,1060380.0,
Simarjeet Singh,30df8c66,Simarjeet Singh,Simarjeet Singh,1159722.0,
A Nortje,acdc62f5,A Nortje,A Nortje,481979.0,
D Brevis,844e79d1,D Brevis,D Brevis,1070665.0,
DR Sams,caf69bf7,DR Sams,DR Sams,826901.0,
GR Sadashiv Iyer,0be62e31,GR Sadashiv Iyer,GR Sadashiv Iyer,29549.0,340287.0
HAS Khalid,291ded7c,HAS Khalid,HAS Khalid,30196.0,
HR Shokeen,0c9652b0,HR Shokeen,HR Shokeen,1175423.0,
KK Ahmed,a2f46292,KK Ahmed,KK Ahmed,942645.0,
M Markande,a9fd84fb,M Markande,M Markande,1081442.0,
PP Shaw,8b3e9c7c,PP Shaw,PP Shaw,1070168.0,
R Powell,650d5e49,R Powell,R Powell,820351.0,
RP Meredith,64775749,RP Meredith,RP Meredith,961713.0,
Ramandeep Singh,be24ead0,Ramandeep Singh,Ramandeep Singh,1079470.0,
TH David,f1f99156,TH David,TH David,892749.0,
Tilak Varma,b0482a1d,Tilak Varma,Tilak Varma,1170265.0,
AK Markram,6a26221c,AK Markram,AK Markram,600498.0,
Abhishek Sharma,f29185a1,Abhishek Sharma,Abhishek Sharma,1070183.0,1131614.0
Arshdeep Singh,244048f6,Arshdeep Singh,Arshdeep Singh,1125976.0,
Fazalhaq Farooqi,e9c7f0d0,Fazalhaq Farooqi,Fazalhaq Farooqi,974175.0,
Harpreet Brar,c05edf8e,Harpreet Brar,Harpreet Brar,1168641.0,
JM Bairstow,abb83e27,JM Bairstow,JM Bairstow,297433.0,
JM Sharma,800d2d97,JM Sharma,JM Sharma,721867.0,
K Rabada,e62dd25d,K Rabada,K Rabada,550215.0,
LS Livingstone,50c6bc2b,LS Livingstone,LS Livingstone,403902.0,
M Shahrukh Khan,7dcb9bc9,M Shahrukh Khan,M Shahrukh Khan,719719.0,
N Pooran,3241e3fd,N Pooran,N Pooran,604302.0,
NT Ellis,9eb1455b,NT Ellis,NT Ellis,826915.0,
PK Garg,bb965e9a,PK Garg,PK Garg,1070180.0,
PN Mankad,663b5e34,PN Mankad,PN Mankad,956871.0,
R Shepherd,c5aef772,R Shepherd,R Shepherd,677077.0,
RA Tripathi,77255a9e,RA Tripathi,RA Tripathi,446763.0,
Umran Malik,81c08fa3,Umran Malik,Umran Malik,1246528.0,
Washington Sundar,f19ccfad,Washington Sundar,Washington Sundar,719715.0,
AS Joseph,b0946605,AS Joseph,AS Joseph,670031.0,
Avesh Khan,eef2536f,Avesh Khan,Avesh Khan,694211.0,
E Lewis,0ebfb1ad,E Lewis,E Lewis,431901.0,
MA Gough,76752ac8,MA Gough,MA Gough,13413.0,
Mohsin Khan,c33d8116,Mohsin Khan,Mohsin Khan (2),1132005.0,
PVD Chameera,327b58d3,PVD Chameera,PVD Chameera,552152.0,
Ravi Bishnoi,df064e1a,Ravi Bishnoi,Ravi Bishnoi,1175441.0,
JR Hazlewood,03806cf8,JR Hazlewood,JR Hazlewood,288284.0,
MK Lomror,da934ee8,MK Lomror,MK Lomror,853265.0,
Mohammed Siraj,2f49c897,Mohammed Siraj,Mohammed Siraj,940973.0,
PWH de Silva,a97c8ec2,PWH de Silva,PWH de Silva,784379.0,
RM Patidar,c740ea83,RM Patidar,RM Patidar,823703.0,
Shahbaz Ahmed,f9e6e7ef,Shahbaz Ahmed,Shahbaz Ahmed,1159711.0,
D Padikkal,2c25d4f5,D Padikkal,D Padikkal,1119026.0,
LH Ferguson,2f9d0389,LH Ferguson,LH Ferguson,493773.0,
M Prasidh Krishna,85e0cf10,M Prasidh Krishna,M Prasidh Krishna,917159.0,
OC McCoy,529eb9e0,OC McCoy,OC McCoy,906783.0,
R Parag,04a418e8,R Parag,R Parag,1079434.0,
R Sai Kishore,c7a995d3,R Sai Kishore,R Sai Kishore,1048739.0,
Rashid Khan,5f547c8b,Rashid Khan,Rashid Khan,793463.0,
SO Hetmyer,48a1d7b7,SO Hetmyer,SO Hetmyer,670025.0,
Shubman Gill,b4b99816,Shubman Gill,Shubman Gill,1070173.0,
YBK Jaiswal,6c19c6e5,YBK Jaiswal,YBK Jaiswal,1151278.0,
Yash Dayal,7210d461,Yash Dayal,Yash Dayal,1159720.0,
AA Noffke,b69e69ed,AA Noffke,AA Noffke,6938.0,
P Dharmani,eaa90ab4,P Dharmani,P Dharmani,28067.0,
F Gomes,3134d083,F Gomes,F Gomes,28845.0,
DS Lehmann,53fe6ee4,DS Lehmann,DS Lehmann,6285.0,
MA Khote,0d232ffd,MA Khote,MA Khote,30220.0,
VD Nerurkar,8647d51d,VD Nerurkar,VD Nerurkar,265853.0,
SK Porel,350a07a7,SK Porel,SK Porel,32897.0,
SB Joshi,670709ec,SB Joshi,SB Joshi,29725.0,
D Kalyankrishna,94bc776b,D Kalyankrishna,D Kalyankrishna,30719.0,
UL Dubey,b2ef796b,UL Dubey,UL Dubey,28116.0,
S Chanderpaul,881a9bdd,S Chanderpaul,S Chanderpaul,51469.0,
P Amarnath,6ad3a659,P Amarnath,P Amarnath,290629.0,
RR Sarwan,36d33dd0,RR Sarwan,RR Sarwan,52969.0,
Jasbir Singh,6043dfe7,Jasbir Singh,Jasbir Singh,29681.0,
T Taibu,75de770f,T Taibu,T Taibu,55805.0,
MS Mahal,50a7e89b,MS Mahal,MS Mahal,30886.0,
Younis Khan,33cb3411,Younis Khan,Younis Khan,43652.0,
RV Pawar,c9d33ef5,RV Pawar,RV Pawar,32305.0,
Abdur Razzak,888e32bf,Abdur Razzak,Abdur Razzak,56283.0,
DT Patil,f48cf4da,DT Patil,DT Patil,32389.0,
J Arunkumar,f663ef00,J Arunkumar,J Arunkumar,26291.0,
DJ Thornely,7d3937ed,DJ Thornely,DJ Thornely,8002.0,
DNT Zoysa,e0351c86,DNT Zoysa,DNT Zoysa,51050.0,
H Das,0ed0cdbf,H Das,H Das,236810.0,
S Banerjee,abde8fb9,S Banerjee,S Banerjee,26854.0,
Shoaib Akhtar,10a91f35,Shoaib Akhtar,Shoaib Akhtar,42655.0,
Shoaib Malik,64c34cd0,Shoaib Malik,Shoaib Malik,42657.0,
AK Mitra,4e11e004,AK Mitra,AK Mitra,31320.0,
FM Engineer,6529ee42,FM Engineer,FM Engineer,28624.0,
Mohammad Hafeez,9ab63e7b,Mohammad Hafeez,Mohammad Hafeez,41434.0,
U Kaul,622cc511,U Kaul,U Kaul,30235.0,
VS Yeligati,38f2c66c,VS Yeligati,VS Yeligati,307448.0,
Gagandeep Singh,890de8cb,Gagandeep Singh,Gagandeep Singh,28758.0,
HS Sekhon,58b66172,HS Sekhon,HS Sekhon,33893.0,
LPC Silva,1be70c88,LPC Silva,LPC Silva,50431.0,
A Nel,2503e881,A Nel,A Nel,46569.0,
B Geeves,50758325,B Geeves,B Geeves,5472.0,
AV Jayaprakash,bde6e9ef,AV Jayaprakash,AV Jayaprakash,29691.0,
D Salunkhe,0264c10e,D Salunkhe,D Salunkhe,278482.0,
Misbah-ul-Haq,7eae4418,Misbah-ul-Haq,Misbah-ul-Haq,41378.0,
I Shivram,85143097,I Shivram,I Shivram,35290.0,
SJ Davis,bc71b0b2,SJ Davis,SJ Davis,4922.0,
Salman Butt,4d6d6280,Salman Butt,Salman Butt,42683.0,
Umar Gul,16dfcc19,Umar Gul,Umar Gul,43524.0,
CH Lloyd,5b445db0,CH Lloyd,CH Lloyd,52345.0,
MSS Ranawat,8048c698,MSS Ranawat,MSS Ranawat,33614.0,
SM Pollock,88fccd6c,SM Pollock,SM Pollock,46774.0,
AS Yadav,b9be6507,AS Yadav,AS Yadav,36110.0,
DP Vijaykumar,acd4f5dc,DP Vijaykumar,DP Vijaykumar,272949.0,
GA Pratapkumar,cf7c5778,GA Pratapkumar,GA Pratapkumar,32299.0,
PM Sarvesh Kumar,4b4d1957,PM Sarvesh Kumar,PM Sarvesh Kumar,327127.0,
SP Fleming,eea6b7f1,SP Fleming,SP Fleming,37000.0,
Shahid Afridi,0dc00542,Shahid Afridi,Shahid Afridi,42639.0,
Talat Ali,1df4131e,Talat Ali,Talat Ali,43273.0,
GD McGrath,ee7d0c82,GD McGrath,GD McGrath,6565.0,
Mohammad Asif,e03b66ec,Mohammad Asif,Mohammad Asif,41411.0,
CK Kapugedera,cfad138c,CK Kapugedera,CK Kapugedera,209457.0,
Kamran Akmal,ff077124,Kamran Akmal,Kamran Akmal,41028.0,
M Ntini,20a941bb,M Ntini,M Ntini,46592.0,
MR Singh,5d58ac60,MR Singh,MR Singh,34051.0,
S Vidyut,756389bd,S Vidyut,S Vidyut,35619.0,
Sohail Tanvir,64d43928,Sohail Tanvir,Sohail Tanvir,43265.0,
A Chopra,e249fdaa,A Chopra,A Chopra,27639.0,
A Flintoff,ddc0828d,A Flintoff,A Flintoff,12856.0,
SB Bangar,0604ef16,SB Bangar,SB Bangar,27225.0,
RR Bose,21ac077a,RR Bose,RR Bose,27572.0,
T Kohli,40caa465,T Kohli,T Kohli,331855.0,
GR Napier,611926bc,GR Napier,GR Napier,17991.0,
R Bishnoi,4d5a1617,R Bishnoi,R Bishnoi,236766.0,
FH Edwards,a7c226e1,FH Edwards,FH Edwards,51782.0,
TM Srivastava,a76d10ba,TM Srivastava,TM Srivastava,35401.0,
MR Benson,790e14d3,MR Benson,MR Benson,9074.0,
D du Preez,d7a57f75,D du Preez,D du Preez,44938.0,
W Jaffer,619aa81f,W Jaffer,W Jaffer,29646.0,
TH Wijewardene,6a6be119,TH Wijewardene,TH Wijewardene,50987.0,
L Ronchi,0fa5042b,L Ronchi,L Ronchi,7502.0,
SM Harwood,63bff7f9,SM Harwood,SM Harwood,5605.0,
MN van Wyk,710dd98c,MN van Wyk,MN van Wyk,47711.0,
LA Carseldine,d872f52a,LA Carseldine,LA Carseldine,4541.0,
AN Ghosh,7023d182,AN Ghosh,AN Ghosh,220435.0,
RR Raje,5f4e9e8f,RR Raje,RR Raje,290713.0,
Shoaib Ahmed,8a668774,Shoaib Ahmed,Shoaib Ahmed,317709.0,
C Nanda,f24ca2ba,C Nanda,C Nanda,32093.0,
S George,6d9e5a54,S George,S George,45389.0,
Mashrafe Mortaza,e186f49c,Mashrafe Mortaza,Mashrafe Mortaza,56007.0,
GAV Baxter,cb4b3ab0,GAV Baxter,GAV Baxter,36337.0,
NK Patel,a2870fb7,NK Patel,Niraj Patel,32240.0,
RJ Quiney,23ac69e6,RJ Quiney,RJ Quiney,211854.0,
SS Sarkar,caa89a48,SS Sarkar,SS Sarkar,34402.0,
SS Shaikh,5f5d3ad4,SS Shaikh,SS Shaikh,377437.0,
T Henderson,0a4ebc61,T Henderson,T Henderson,45434.0,
Yashpal Singh,297b26da,Yashpal Singh,Yashpal Singh,36130.0,
EC Hendrikse,3f2996c9,EC Hendrikse,EC Hendrikse,45688.0,
SM Katich,fdedb37c,SM Katich,SM Katich,6128.0,
WA Mota,3dba85c2,WA Mota,WA Mota,31041.0,
Mohammad Ashraful,2bb09eb2,Mohammad Ashraful,Mohammad Ashraful,55988.0,
RA Shaikh,7c390b03,RA Shaikh,RA Shaikh,279460.0,
MW Brown,d83d7796,MW Brown,MW Brown,44397.0,
IL Howell,c1cd91c3,IL Howell,IL Howell,45454.0,
KH Hurter,bda8cca8,KH Hurter,KH Hurter,45462.0,
ZTA Ndamane,545cc6db,ZTA Ndamane,ZTA Ndamane,46669.0,
A Uniyal,fdcb08c2,A Uniyal,A Uniyal,35586.0,
YA Abdulla,4353bba5,YA Abdulla,YA Abdulla,224367.0,
RS Gavaskar,9ff100a6,RS Gavaskar,RS Gavaskar,28792.0,
DR Martyn,69762509,DR Martyn,DR Martyn,6513.0,
Yashpal Sharma,e22d7ccb,Yashpal Sharma,Yashpal Sharma,36075.0,
C Ganapathy,798934ea,C Ganapathy,C Ganapathy,28764.0,
KAJ Roach,78eb4223,KAJ Roach,KAJ Roach,230553.0,
MB Parmar,86ae8ef2,MB Parmar,MB Parmar,240734.0,
Jaskaran Singh,d7b3a420,Jaskaran Singh,Jaskaran Singh,376102.0,
AA Bilakhia,bff458c6,AA Bilakhia,AA Bilakhia,26946.0,
T Thushara,b2ae53f5,T Thushara,T Thushara,49677.0,
AB Barath,d3a3e82d,AB Barath,AB Barath,274926.0,
MF Maharoof,ab89348d,MF Maharoof,MF Maharoof,49638.0,
AP Dole,dbc50253,AP Dole,AP Dole,236694.0,
ST Jayasuriya,f233bbb4,ST Jayasuriya,ST Jayasuriya,49209.0,
VM Bandiwadekar,e236db6b,VM Bandiwadekar,VM Bandiwadekar,281112.0,
C Madan,2eeb4370,C Madan,C Madan,31104.0,
K Sharma,661b0266,K Sharma,K Sharma,30012.0,
RS Sodhi,a3ecf01f,RS Sodhi,RS Sodhi,34078.0,
GR Viswanath,9333bc07,GR Viswanath,GR Viswanath,35712.0,
AC Voges,864c199e,AC Voges,AC Voges,8119.0,
JM Kemp,6581d753,JM Kemp,JM Kemp,45797.0,
K Goel,a1f1829d,K Goel,K Goel,28997.0,
S Tyagi,c24a2c5d,S Tyagi,S Tyagi,317784.0,
VRV Singh,034b4b7d,VRV Singh,VRV Singh,35281.0,
PD Collingwood,a386e91b,PD Collingwood,PD Collingwood,10772.0,
WPUJC Vaas,bcce309e,WPUJC Vaas,WPUJC Vaas,50804.0,
BG Jerling,26457e41,BG Jerling,BG Jerling,45726.0,
R Shankar,82f0b62e,R Shankar,R Shankar,277744.0,
SE Bond,4f629497,SE Bond,SE Bond,36326.0,
B Sumanth,f4f0fafd,B Sumanth,B Sumanth,253798.0,
DJ Harper,0ec08b27,DJ Harper,DJ Harper,5578.0,
A Kumble,0c2730df,A Kumble,A Kumble,30176.0,
Anirudh Singh,7bb62642,Anirudh Singh,Anirudh Singh,26252.0,
CRD Fernando,342d8ade,CRD Fernando,CRD Fernando,48835.0,
ML Hayden,d8699ab7,ML Hayden,ML Hayden,5616.0,
SN Bandekar,350528bb,SN Bandekar,SN Bandekar,26846.0,
NJ Rimmington,6042bf26,NJ Rimmington,NJ Rimmington,7443.0,
SB Styris,57efa3be,SB Styris,SB Styris,38407.0,
R Ninan,ce4cc4d5,R Ninan,R Ninan,353669.0,
S Venkataraghavan,12453319,S Venkataraghavan,S Venkataraghavan,35656.0,
AG Paunikar,3a02626a,AG Paunikar,AG Paunikar,324444.0,
SA Asnodkar,ae091d39,SA Asnodkar,SA Asnodkar,26782.0,
Joginder Sharma,9f961c14,Joginder Sharma,Joginder Sharma,29976.0,
BJ Haddin,b0c772ee,BJ Haddin,BJ Haddin,5560.0,
VVS Laxman,de8cce37,VVS Laxman,VVS Laxman,30750.0,
Kamran Khan,6ef60d3a,Kamran Khan,Kamran Khan,391121.0,
TD Paine,5748e866,TD Paine,TD Paine,7252.0,
AL Hill,4165ced0,AL Hill,AL Hill,37274.0,
B Akhil,af7dadf7,B Akhil,B Akhil,26206.0,
NL McCullum,5673a3fc,NL McCullum,NL McCullum,37749.0,
GC Smith,72861603,GC Smith,GC Smith,47270.0,
JE Taylor,4180d897,JE Taylor,JE Taylor,53191.0,
I Malhotra,943fd425,I Malhotra,I Malhotra,31088.0,
L Ablish,8b9704ae,L Ablish,L Ablish,26236.0,
Sunny Singh,30e37810,Sunny Singh,Sunny Singh,35282.0,
S Randiv,f5f18a18,S Randiv,S Randiv,50438.0,
M Klinger,b970a03f,M Klinger,M Klinger,6161.0,
SB Wagh,dddca1d6,SB Wagh,SB Wagh,279552.0,
AA Kazi,16605a1b,AA Kazi,AA Kazi,422106.0,
AS Raut,c69a7b5c,AS Raut,AS Raut,230593.0,
MV Boucher,f3cb53a1,MV Boucher,MV Boucher,44111.0,
MJ Lumb,11df3dc8,MJ Lumb,MJ Lumb,16406.0,
AM Salvi,260fd380,AM Salvi,AM Salvi,34264.0,
S Sriram,64a4c383,S Sriram,S Sriram,34118.0,
TR Birt,d2d4bb0a,TR Birt,TR Birt,4292.0,
FY Fazal,c15e2193,FY Fazal,FY Fazal,28671.0,
ND Doshi,6ec424a9,ND Doshi,ND Doshi,12440.0,
P Prasanth,ddb00822,P Prasanth,P Prasanth,32211.0,
S Sohal,3fca55af,S Sohal,S Sohal,228943.0,
CK Langeveldt,d1c94b25,CK Langeveldt,CK Langeveldt,45963.0,
JJ van der Wath,6821ac10,JJ van der Wath,JJ van der Wath,47693.0,
SJ Srivastava,2049f3a0,SJ Srivastava,SJ Srivastava,34245.0,
Y Gnaneswara Rao,bae11797,Y Gnaneswara Rao,Y Gnaneswara Rao,28830.0,
A Symonds,bd77eb62,A Symonds,A Symonds,7702.0,
PR Shah,0aadc906,PR Shah,PR Shah,34282.0,
SK Warne,bb18be76,SK Warne,SK Warne,8166.0,
AM Saheba,883e3818,AM Saheba,AM Saheba,34544.0,
KH Devdhar,62e07f92,KH Devdhar,KH Devdhar,340063.0,
SL Shastri,53ef012d,SL Shastri,SL Shastri,33977.0,
A Chaudhary,ffead9c2,A Chaudhary,A Chaudhary,307813.0,
CA Ingram,c995d726,CA Ingram,CA Ingram,45705.0,
JR Hopes,2498e163,JR Hopes,JR Hopes,5702.0,
MS Wade,afa7e784,MS Wade,MS Wade,230193.0,
RB Tiffin,89087a0d,RB Tiffin,RB Tiffin,55795.0,
SS Mundhe,0af3426f,SS Mundhe,SS Mundhe,279862.0,
K Hariharan,2386ccff,K Hariharan,K Hariharan,29271.0,
RE Koertzen,0265fab2,RE Koertzen,RE Koertzen,45830.0,
D Govindjee,8b4c4069,D Govindjee,D Govindjee,45356.0,
RW Price,67af6f81,RW Price,RW Price,55698.0,
PR Reiffel,c9354f29,PR Reiffel,PR Reiffel,7326.0,
VN Kulkarni,0b126008,VN Kulkarni,VN Kulkarni,30302.0,
DAJ Bracewell,2e9fdf9b,DAJ Bracewell,DAJ Bracewell,362541.0,
RR Bhatkal,7d3720ba,RR Bhatkal,RR Bhatkal,27150.0,
Premdip Chatterjee,489fb760,Premdip Chatterjee,Premdip Chatterjee,560278.0,
M Kaif,d84378a4,M Kaif,M Kaif,29990.0,
DJ Jacobs,a84468fe,DJ Jacobs,DJ Jacobs,45782.0,
T Mishra,c9cac448,T Mishra,T Mishra,24790.0,
BK Ravi,ff8c3cfb,BK Ravi,BK Ravi,30712.0,
DE Bollinger,45c2196c,DE Bollinger,DE Bollinger,4508.0,
CJ McKay,94eac556,CJ McKay,CJ McKay,6903.0,
SD Ranade,369c85c1,SD Ranade,SD Ranade,33079.0,
AC Blizzard,1efb8a28,AC Blizzard,AC Blizzard,4498.0,
S Dua,f1375866,S Dua,S Dua,28115.0,
KMDN Kulasekara,469ea22b,KMDN Kulasekara,KMDN Kulasekara,49535.0,
IR Jaggi,dded65e7,IR Jaggi,IR Jaggi,279554.0,
RE Levi,18c78b11,RE Levi,RE Levi,46148.0,
R Subramanian,7c32b886,R Subramanian,R Subramanian,34132.0,
A Singh,5b040b81,A Singh,A Singh,26789.0,
DL Vettori,d7c6af50,DL Vettori,DL Vettori,38710.0,
RJ Peterson,26ff4c29,RJ Peterson,RJ Peterson,46750.0,
AUK Pathan,3ae3f034,AUK Pathan,AUK Pathan,430401.0,
DJ Harris,39f82db3,DJ Harris,DJ Harris,5583.0,
RR Powar,5d096f3d,RR Powar,RR Powar,32391.0,
Pankaj Singh,e32d22f6,Pankaj Singh,Pankaj Singh,32973.0,
AC Thomas,b552a935,AC Thomas,AC Thomas,47569.0,
MD Mishra,6afb26d6,MD Mishra,MD Mishra,31028.0,
Y Nagar,662c47a6,Y Nagar,Y Nagar,317786.0,
AA Jhunjhunwala,2815fe50,AA Jhunjhunwala,AA Jhunjhunwala,29702.0,
B Vij,470050ff,B Vij,B Vij,35796.0,
TP Sudhindra,2f3817ce,TP Sudhindra,TP Sudhindra,34139.0,
HH Gibbs,e1d1b294,HH Gibbs,HH Gibbs,45224.0,
N Saini,addbde6c,N Saini,N Saini,274785.0,
VY Mahesh,93a17209,VY Mahesh,VY Mahesh,31732.0,
R Risodkar,3de870ce,R Risodkar,R Risodkar,33176.0,
SP Goswami,541f85c9,SP Goswami,SP Goswami,302579.0,
SD Chitnis,facb9086,SD Chitnis,SD Chitnis,337916.0,
SK Tarapore,62a824b4,SK Tarapore,SK Tarapore,35314.0,
AP Majumdar,f4cb4f53,AP Majumdar,AP Majumdar,31750.0,
CJ Ferguson,9b4935c8,CJ Ferguson,CJ Ferguson,5236.0,
Harpreet Singh,28c78fb3,Harpreet Singh,Harpreet Singh,340854.0,
JD Ryder,91ffa6c6,JD Ryder,JD Ryder,38373.0,
MJ Clarke,f842c2cf,MJ Clarke,MJ Clarke,4578.0,
SC Ganguly,725529bc,SC Ganguly,SC Ganguly,28779.0,
KP Appanna,d92e42f5,KP Appanna,KP Appanna,269170.0,
P Parameswaran,0c432afb,P Parameswaran,P Parameswaran,279562.0,
V Pratap Singh,d718440b,V Pratap Singh,V Pratap Singh,528967.0,
NA Patwardhan,e6ef687d,NA Patwardhan,NA Patwardhan,32213.0,
JEC Franklin,cf73ad76,JEC Franklin,JEC Franklin,37004.0,
Sunny Gupta,ee3dfa89,Sunny Gupta,Sunny Gupta,271315.0,
BR Doctrove,cbebf805,BR Doctrove,BR Doctrove,51662.0,
JDP Oram,3eac9d95,JDP Oram,JDP Oram,38062.0,
AL Menaria,8291f939,AL Menaria,AL Menaria,371150.0,
MN Samuels,f846de6a,MN Samuels,MN Samuels,52983.0,
Harmeet Singh,0bf15e52,Harmeet Singh,Harmeet Singh (2),422847.0,
MDKJ Perera,f21043a5,MDKJ Perera,MDKJ Perera,300631.0,
DT Christian,2a2e6343,DT Christian,DT Christian,4864.0,
DB Ravi Teja,b720a5d6,DB Ravi Teja,DB Ravi Teja,237701.0,
RJ Harris,12eddf28,RJ Harris,RJ Harris,5779.0,
AB McDonald,16043342,AB McDonald,AB McDonald,6553.0,
AD Mascarenhas,3edb58fc,AD Mascarenhas,AD Mascarenhas,16932.0,
PC Valthaty,25eeb281,PC Valthaty,PC Valthaty,35630.0,
RT Ponting,7d415ea5,RT Ponting,RT Ponting,7133.0,
X Thalaivan Sargunam,1763bc6c,X Thalaivan Sargunam,X Thalaivan Sargunam,319744.0,
TM Dilshan,5bdcdb72,TM Dilshan,TM Dilshan,48472.0,
DP Nannes,c404f58a,DP Nannes,DP Nannes,6981.0,
A Mukund,6165bca6,A Mukund,A Mukund,302582.0,
B Lee,dd09ff8e,B Lee,B Lee,6278.0,
Subroto Das,e66066be,Subroto Das,Subroto Das,28318.0,
TL Suman,aaa1b522,TL Suman,TL Suman,34281.0,
AS Pathania,bf6c251d,AS Pathania,AS Pathania,32272.0,
OA Shah,7bf96684,OA Shah,OA Shah,20123.0,594438.0
S Narwal,287686fd,S Narwal,S Narwal,32084.0,
BMAJ Mendis,9868bc75,BMAJ Mendis,BMAJ Mendis,49700.0,
B Laughlin,b2a79f17,B Laughlin,B Laughlin,315623.0,
DC Boon,e79a1fe3,DC Boon,DC Boon,4169.0,
PA Reddy,2461eef2,PA Reddy,PA Reddy,376109.0,
SW Tait,addfb70e,SW Tait,SW Tait,8076.0,
R McLaren,c654af19,R McLaren,R McLaren,46393.0,
KC Sangakkara,6b71e6cf,KC Sangakkara,KC Sangakkara,50710.0,
A Chandila,99b202b3,A Chandila,A Chandila,27783.0,
S Sreesanth,6b8eb6e5,S Sreesanth,S Sreesanth,34274.0,
K Upadhyay,27e71d47,K Upadhyay,K Upadhyay,431876.0,
M Rawat,de8d3876,M Rawat,M Rawat,33440.0,
UA Birla,91b9300b,UA Birla,UA Birla,262533.0,
J Syed Mohammad,c64c2443,J Syed Mohammad,J Syed Mohammad,35261.0,
BAW Mendis,ea0cdc12,BAW Mendis,BAW Mendis,268739.0,
A Mithun,66cf56a5,A Mithun,A Mithun,310958.0,
Tapan Sharma,b9aa2b6e,Tapan Sharma,Tapan Sharma,390973.0,
AB Agarkar,fa463154,AB Agarkar,AB Agarkar,26184.0,
BA Bhatt,dc4686e6,BA Bhatt,BA Bhatt,433410.0,
Harmeet Singh,2a72fd4f,Harmeet Singh,Harmeet Singh,391128.0,
LA Pomersbach,b63ab531,LA Pomersbach,LA Pomersbach,232284.0,
MC Juneja,605b7efa,MC Juneja,MC Juneja,390480.0,
SR Tendulkar,d2c2b2d5,SR Tendulkar,SR Tendulkar,35320.0,
DB Das,7050a1e7,DB Das,DB Das,328163.0,
PK Khakhar,b7cad41f,PK Khakhar,PK Khakhar,30072.0,
SMSM Senanayake,4c4fa80b,SMSM Senanayake,SMSM Senanayake,273439.0,
RE van der Merwe,05c2ca46,RE van der Merwe,RE van der Merwe,47850.0,
AA Chavan,29d72eb2,AA Chavan,AA Chavan,337913.0,
KB Arun Karthik,7daedf2f,KB Arun Karthik,KB Arun Karthik,319745.0,
MG Neser,0164b064,MG Neser,MG Neser,376169.0,
MS Gony,ae78bc32,MS Gony,MS Gony,317293.0,
AC Gilchrist,2b6e6dec,AC Gilchrist,AC Gilchrist,5390.0,
AG Murtaza,ef5da05c,AG Murtaza,AG Murtaza,26490.0,
B Chipli,5451a2c1,B Chipli,B Chipli,27685.0,
BJ Rohrer,27af6414,BJ Rohrer,BJ Rohrer,7547.0,
DPMD Jayawardene,d18f9182,DPMD Jayawardene,DPMD Jayawardene,49289.0,
LJ Wright,cca50cd6,LJ Wright,LJ Wright,23460.0,
RV Gomez,b2570b38,RV Gomez,RV Gomez,28846.0,
S Das,475e38b6,S Das,S Das,515928.0,
Anand Rajan,d2340a43,Anand Rajan,Anand Rajan,26797.0,
Asad Rauf,861606b7,Asad Rauf,Asad Rauf,39219.0,
P Dogra,2728e7e9,P Dogra,P Dogra,28160.0,
Raju Mukherjee,7a3244b5,Raju Mukherjee,Raju Mukherjee,31727.0,
S Asnani,b04524bc,S Asnani,S Asnani,26314.0,
MM Patel,f0f628c7,MM Patel,MM Patel,32965.0,
BB Samantray,53f27a35,BB Samantray,BB Samantray,430125.0,
CL White,d0513f63,CL White,CL White,8291.0,
R Dravid,0184dc35,R Dravid,R Dravid,28114.0,
SK Trivedi,3d7e087f,SK Trivedi,SK Trivedi,35353.0,
S Badrinath,3576e47e,S Badrinath,S Badrinath,26806.0,
SJA Taufel,4b43d5ac,SJA Taufel,SJA Taufel,7918.0,
AV Wankhade,5708d0b6,AV Wankhade,AV Wankhade,505773.0,
BF Bowden,efc0a862,BF Bowden,BF Bowden,36339.0,
Aleem Dar,f02778d1,Aleem Dar,Aleem Dar,39157.0,
CA Pujara,d4f9dbd4,CA Pujara,CA Pujara,32540.0,
R Sharma,5d9a1a73,R Sharma,R Sharma,272994.0,
SS Hazare,166e5081,SS Hazare,SS Hazare,29400.0,
M Kartik,abfeb126,M Kartik,M Kartik,30049.0,
LR Shukla,b1451597,LR Shukla,LR Shukla,34019.0,
JH Kallis,86dc8f2e,JH Kallis,JH Kallis,45789.0,
DH Yagnik,063b3673,DH Yagnik,DH Yagnik,36071.0,
LRPL Taylor,b61a3e1a,LRPL Taylor,LRPL Taylor,38699.0,
R Shukla,de4b0555,R Shukla,R Shukla,390547.0,
BW Hilfenhaus,f3171936,BW Hilfenhaus,BW Hilfenhaus,5941.0,
K Santokie,531f0278,K Santokie,K Santokie,314622.0,
M Muralitharan,4ba44e19,M Muralitharan,M Muralitharan,49636.0,
J Madanagopal,8275b04a,J Madanagopal,J Madanagopal,31282.0,
S Kaul,dcf81436,S Kaul,S Kaul,326017.0,
WD Parnell,3a60e0b5,WD Parnell,WD Parnell,265564.0,
VS Malik,5f26df4f,VS Malik,VS Malik,31738.0,
M Manhas,c42aaf71,M Manhas,M Manhas,31001.0,
R Rampaul,d68e7f48,R Rampaul,R Rampaul,52912.0,
S Badree,76388dc8,S Badree,S Badree,51433.0,
S Rana,90edaaa9,S Rana,S Rana,33757.0,1345201.0
VH Zol,6dbcf855,VH Zol,VH Zol,554699.0,
YV Takawale,4e04666c,YV Takawale,YV Takawale,35357.0,
S Anirudha,95a2ea61,S Anirudha,S Anirudha,26798.0,
Y Venugopal Rao,fe763256,Y Venugopal Rao,Y Venugopal Rao,35805.0,
JDS Neesham,9219eff0,JDS Neesham,JDS Neesham,355269.0,
UV Gandhe,43dd4011,UV Gandhe,UV Gandhe,28768.0,
AM Nayar,a45a5e8d,AM Nayar,AM Nayar,32091.0,
BJ Hodge,b57f8a9a,BJ Hodge,BJ Hodge,5674.0,
KK Cooper,557153ca,KK Cooper,KK Cooper,371814.0,
NJ Llong,573fb985,NJ Llong,NJ Llong,16314.0,
AJ Pycroft,685d3f80,AJ Pycroft,AJ Pycroft,55700.0,
BR Dunk,272d796e,BR Dunk,BR Dunk,388678.0,
DJ Hussey,fd835ab3,DJ Hussey,DJ Hussey,5766.0,
L Balaji,b2b50355,L Balaji,L Balaji,26829.0,
P Awana,1a0c3177,P Awana,P Awana,323131.0,
PP Ojha,6c6591ab,PP Ojha,PP Ojha,32130.0,
CM Gautam,30a2649b,CM Gautam,CM Gautam,302208.0,
DJG Sammy,c03c6200,DJG Sammy,DJG Sammy,53115.0,
SA Abbott,1a2676c5,SA Abbott,SA Abbott,398666.0,
CJ Anderson,8abdf100,CJ Anderson,CJ Anderson,277662.0,
P Suyal,cedc1d9a,P Suyal,P Suyal,431213.0,
AN Ahmed,2af1b6d2,AN Ahmed,AN Ahmed,228430.0,
R Tewatia,39a2dfa8,R Tewatia,R Tewatia,423838.0,
Shivam Sharma,6f49cc6e,Shivam Sharma,Shivam Sharma,717201.0,
MS Bisla,5afd4539,MS Bisla,MS Bisla,27280.0,
RR Rossouw,cad00a4d,RR Rossouw,RR Rossouw,318845.0,
DJ Muthuswami,2c76b512,DJ Muthuswami,DJ Muthuswami,528985.0,
GF Labrooy,8e088dbc,GF Labrooy,GF Labrooy,49552.0,
SD Fry,6b725ed1,SD Fry,SD Fry,5341.0,
MK Tiwary,26e5cabf,MK Tiwary,MK Tiwary,35565.0,
SN Thakur,1abb78f8,SN Thakur,SN Thakur,475281.0,
J Theron,dec8e038,J Theron,J Theron,223642.0,
PJ Cummins,ded9240e,PJ Cummins,PJ Cummins,489889.0,
B Aparajith,5b627626,B Aparajith,B Aparajith,477071.0,
RG More,b2b23612,RG More,RG More,424219.0,
V Sehwag,8ba8195d,V Sehwag,V Sehwag,35263.0,
NJ Maddinson,44afbf2d,NJ Maddinson,NJ Maddinson,333780.0,
RN ten Doeschate,4ec07775,RN ten Doeschate,RN ten Doeschate,47660.0,
Karanveer Singh,1647bd37,Karanveer Singh,Karanveer Singh,322535.0,
GH Vihari,94253925,GH Vihari,GH Vihari,452044.0,
M de Lange,d4eef961,M de Lange,M de Lange,393279.0,
J Botha,7c503806,J Botha,J Botha,44149.0,
RS Bopara,7ca5e05d,RS Bopara,RS Bopara,10582.0,
BE Hendricks,b56dc5f7,BE Hendricks,BE Hendricks,379927.0,
IC Pandey,e0407c01,IC Pandey,IC Pandey,447439.0,
JD Cloete,b0419f8c,JD Cloete,JD Cloete,44449.0,
Azhar Mahmood,9a158001,Azhar Mahmood,Azhar Mahmood,39024.0,
RM Deshpande,7d2a4250,RM Deshpande,RM Deshpande,262599.0,
RR Jadeja,053de19b,RR Jadeja,RR Jadeja,29831.0,
AD Mathews,896d78ad,AD Mathews,AD Mathews,49764.0,
GS Sandhu,1558d83b,GS Sandhu,GS Sandhu,499660.0,
K Srinivasan,042a8b69,K Srinivasan,K Srinivasan,34685.0,
PG Pathak,9f772ec5,PG Pathak,PG Pathak,390895.0,
K Srinath,8ab5da97,K Srinath,K Srinath,34243.0,
MA Starc,3fb19989,MA Starc,MA Starc,311592.0,
MEK Hussey,48fd7349,MEK Hussey,MEK Hussey,5939.0,
RK Illingworth,20672246,RK Illingworth,RK Illingworth,15383.0,
SL Malinga,a12e1d51,SL Malinga,SL Malinga,49758.0,
LMP Simmons,89f64c19,LMP Simmons,LMP Simmons,53116.0,
S Gopal,7a8bd078,S Gopal,S Gopal,344580.0,
S Ladda,fb693839,S Ladda,S Ladda,317292.0,
AF Milne,350bb1b1,AF Milne,AF Milne,450860.0,
J Suchith,4125d931,J Suchith,J Suchith,527663.0,
JW Hastings,012829ff,JW Hastings,JW Hastings,228622.0,
D Wiese,aa8d28ae,D Wiese,D Wiese,221140.0,
VA Kulkarni,8fe0c4f8,VA Kulkarni,VA Kulkarni,391584.0,
DW Steyn,8fd1a8f5,DW Steyn,DW Steyn,47492.0,
I Sharma,5bb1a1c4,I Sharma,I Sharma,236779.0,
KP Pietersen,39f01cdb,KP Pietersen,KP Pietersen,19296.0,
Mandeep Singh,c3a96caf,Mandeep Singh,Mandeep Singh,398506.0,
SN Khan,f088b960,SN Khan,SN Khan,642525.0,
Ankit Sharma,24d94623,Ankit Sharma,Ankit Sharma,422992.0,
MG Johnson,f5180fe6,MG Johnson,MG Johnson,6033.0,
NS Naik,aedc3b7c,NS Naik,NS Naik,554700.0,
P Sahu,9a0146b3,P Sahu,P Sahu,34155.0,
AP Tare,855a210c,AP Tare,AP Tare,333904.0,
F du Plessis,3355b542,F du Plessis,F du Plessis,44828.0,
MR Marsh,3d8feaf8,MR Marsh,MR Marsh,272450.0,
JD Unadkat,1e66c162,JD Unadkat,JD Unadkat,390484.0,
JA Morkel,c3d35165,JA Morkel,JA Morkel,46248.0,
A Ashish Reddy,1c2a64cd,A Ashish Reddy,A Ashish Reddy,389605.0,
HV Patel,f986ca1a,HV Patel,HV Patel,390481.0,
KM Jadhav,99d63244,KM Jadhav,KM Jadhav,290716.0,
KW Richardson,dfc4d8b5,KW Richardson,KW Richardson,272262.0,
SE Marsh,508a1ea7,SE Marsh,SE Marsh,6683.0,
PSP Handscomb,ada15e88,PSP Handscomb,PSP Handscomb,334337.0,
SPD Smith,30a45b23,SPD Smith,SPD Smith,267192.0,
CA Lynn,45eda7c8,CA Lynn,CA Lynn,326637.0,
T Shamsi,a03bba42,T Shamsi,T Shamsi,379145.0,
Ishan Kishan,752f7486,Ishan Kishan,Ishan Kishan,720471.0,
JP Faulkner,808f425a,JP Faulkner,JP Faulkner,270484.0,
M Vohra,c03e2850,M Vohra,M Vohra,532856.0,
Swapnil Singh,983f2f61,Swapnil Singh,Swapnil Singh,232292.0,
SM Boland,d167edd3,SM Boland,SM Boland,446548.0,
PJ Sangwan,9fc0ef64,PJ Sangwan,PJ Sangwan,279545.0,
Parvez Rasool,9170ff49,Parvez Rasool,Parvez Rasool,378496.0,
S Ravi,9b9ee0df,S Ravi,S Ravi,33135.0,
GB Hogg,f708a0bc,GB Hogg,GB Hogg,5681.0,
UT Yadav,cc1e8c68,UT Yadav,UT Yadav,376116.0,
TM Head,12b610c2,TM Head,TM Head,530011.0,
R Bhatia,33a364a6,R Bhatia,R Bhatia,26907.0,
RP Singh,c3d1402f,RP Singh,RP Singh,35280.0,
PA Patel,b5da6c24,PA Patel,PA Patel,32242.0,
RJ Tucker,38810cfc,RJ Tucker,RJ Tucker,7986.0,
TG Southee,13c35c9e,TG Southee,TG Southee,232364.0,
UBT Chand,0c94f480,UBT Chand,UBT Chand,446499.0,
AD Nath,f10e94c4,AD Nath,AD Nath,500360.0,
PV Tambe,6aed7e79,PV Tambe,PV Tambe,587152.0,
M Ashwin,e2db2409,M Ashwin,M Ashwin,528067.0,
A Nehra,96fd40ae,A Nehra,A Nehra,31820.0,
Anureet Singh,69be866a,Anureet Singh,Anureet Singh,376324.0,
GJ Maxwell,b681e71e,GJ Maxwell,GJ Maxwell,325026.0,
MP Stoinis,d9273ee7,MP Stoinis,MP Stoinis,325012.0,
AT Rayudu,70d205c9,AT Rayudu,AT Rayudu,33141.0,
Amit Sharma,7ea3e0cc,Amit Sharma,Amit Sharma,34228.0,
Imran Tahir,acee4cc4,Imran Tahir,Imran Tahir,40618.0,
MA Agarwal,00ea847a,MA Agarwal,MA Agarwal,398438.0,
S Nadeem,9d80c5e1,S Nadeem,S Nadeem,31872.0,
AD Russell,bbd41817,AD Russell,AD Russell,276298.0,
CB Gaffaney,d5ac41d8,CB Gaffaney,CB Gaffaney,37097.0,
Mohammed Shami,8cf9814c,Mohammed Shami,Mohammed Shami,481896.0,
SS Iyer,85ec8e33,SS Iyer,SS Iyer,642519.0,
KC Cariappa,edb3d4f8,KC Cariappa,KC Cariappa,777537.0,
M Nayyar,b7bccddb,M Nayyar,M Nayyar,31909.0,
VR Aaron,0a3d54b9,VR Aaron,VR Aaron,360911.0,
PP Chawla,98ae73b1,PP Chawla,PP Chawla,32966.0,
EJG Morgan,d2a6c0e6,EJG Morgan,EJG Morgan,24598.0,
JP Duminy,2e8994e7,JP Duminy,JP Duminy,44932.0,
NM Coulter-Nile,56ab442f,NM Coulter-Nile,NM Coulter-Nile,261354.0,
S Chaturvedi,c8ec02e1,S Chaturvedi,S Chaturvedi,27791.0,
A Zampa,14f96089,A Zampa,A Zampa,379504.0,
AB Dinda,66b30f71,AB Dinda,AB Dinda,227712.0,
AM Rahane,29e95537,AM Rahane,AM Rahane,277916.0,
AR Patel,2e171977,AR Patel,AR Patel,554691.0,
DA Miller,d67d5f00,DA Miller,DA Miller,321777.0,
DL Chahar,23eeb873,DL Chahar,DL Chahar,447261.0,
F Behardien,dce2019b,F Behardien,F Behardien,44410.0,
GJ Bailey,5056011d,GJ Bailey,GJ Bailey,4451.0,
Gurkeerat Singh,6eb146d2,Gurkeerat Singh,Gurkeerat Singh,537124.0,
HM Amla,e798611a,HM Amla,HM Amla,43906.0,
IK Pathan,5fa06777,IK Pathan,IK Pathan,32685.0,
KJ Abbott,a9da7784,KJ Abbott,KJ Abbott,297583.0,
M Vijay,4b57e452,M Vijay,M Vijay,237095.0,
MM Sharma,759ac88f,MM Sharma,MM Sharma,537119.0,
MS Dhoni,4a8a2e3b,MS Dhoni,MS Dhoni,28081.0,
NLTC Perera,0f12f9df,NLTC Perera,NLTC Perera,233514.0,
Nitin Menon,e1d41d9e,Nitin Menon,Nitin Menon,30988.0,340046.0
R Ashwin,495d42a5,R Ashwin,R Ashwin,26421.0,
R Dhawan,26a85969,R Dhawan,R Dhawan,290727.0,
SS Tiwary,709b0bac,SS Tiwary,SS Tiwary,35390.0,
Sandeep Sharma,ce820073,Sandeep Sharma,Sandeep Sharma,438362.0,
UT Khawaja,331ea488,UT Khawaja,UT Khawaja,215155.0,
WP Saha,fe11caa6,WP Saha,WP Saha,279810.0,
AY Dandekar,2efc430e,AY Dandekar,AY Dandekar,27986.0,
HH Pandya,dbe50b21,HH Pandya,HH Pandya,625371.0,
Harbhajan Singh,8b5b6769,Harbhajan Singh,Harbhajan Singh,29264.0,
JC Buttler,99b75528,JC Buttler,JC Buttler,308967.0,
JJ Bumrah,462411b3,JJ Bumrah,JJ Bumrah,625383.0,
KA Pollard,a757b0d8,KA Pollard,KA Pollard,230559.0,
KH Pandya,5b8c830e,KH Pandya,KH Pandya,471342.0,
MJ Guptill,2be41edb,MJ Guptill,MJ Guptill,226492.0,
MJ McClenaghan,51a3c5ef,MJ McClenaghan,MJ McClenaghan,319439.0,
N Rana,fb2d1dda,N Rana,N Rana,604527.0,
R Pandit,8a604384,R Pandit,R Pandit,537232.0,
R Vinay Kumar,41eb4a4f,R Vinay Kumar,R Vinay Kumar,35731.0,
RG Sharma,740742ef,RG Sharma,RG Sharma,34102.0,
AS Rajpoot,db31895a,AS Rajpoot,AS Rajpoot,591650.0,
J Srinath,bad31fac,J Srinath,J Srinath,34105.0,
K Bharatan,7e47c743,K Bharatan,K Bharatan,27190.0,
KN Ananthapadmanabhan,3144063a,KN Ananthapadmanabhan,KN Ananthapadmanabhan,26241.0,
KS Williamson,d027ba9f,KS Williamson,KS Williamson,277906.0,
KV Sharma,119678fd,KV Sharma,KV Sharma,30288.0,
Shakib Al Hasan,7dc35884,Shakib Al Hasan,Shakib Al Hasan,56143.0,
A Mishra,6b19d823,A Mishra,A Mishra,31107.0,
A Nand Kishore,84424f4f,A Nand Kishore,A Nand Kishore,31917.0,
CH Morris,fb66ce1f,CH Morris,CH Morris,439952.0,
CR Brathwaite,e342e5fb,CR Brathwaite,CR Brathwaite,457249.0,
Chinmay Sharma,83250fea,Chinmay Sharma,Chinmay Sharma,34631.0,
J Yadav,81049310,J Yadav,J Yadav,447587.0,
KK Nair,944533a5,KK Nair,KK Nair,398439.0,
P Negi,f62772e5,P Negi,P Negi,530773.0,
Q de Kock,372455c4,Q de Kock,Q de Kock,379143.0,
RR Pant,919a3be2,RR Pant,RR Pant,931581.0,
SV Samson,a4cc73aa,SV Samson,SV Samson,425943.0,
SW Billings,c16d4035,SW Billings,SW Billings,297628.0,
VK Sharma,a7a49df4,VK Sharma,VK Sharma,33933.0,
YC Barde,b90f3346,YC Barde,YC Barde,26861.0,
Z Khan,91a4a398,Z Khan,Z Khan,30102.0,
SB Jakati,c8179c68,SB Jakati,SB Jakati,29655.0,
C Munro,af2c687b,C Munro,C Munro,232359.0,
G Gambhir,bb345e0b,G Gambhir,G Gambhir,28763.0,
JO Holder,0f721006,JO Holder,JO Holder,391485.0,
Kuldeep Yadav,8d2c70ad,Kuldeep Yadav,Kuldeep Yadav,559235.0,
M Morkel,5bb5a915,M Morkel,M Morkel,46538.0,
MK Pandey,93b4fc78,MK Pandey,MK Pandey,290630.0,
R Sathish,626c5379,R Sathish,R Sathish,33870.0,
RV Uthappa,1c17e270,RV Uthappa,RV Uthappa,35582.0,
SA Yadav,271f83cd,SA Yadav,SA Yadav,446507.0,
SP Narine,9d430b40,SP Narine,SP Narine,230558.0,
V Shankar,0994d0ae,V Shankar,V Shankar,477021.0,
YK Pathan,3c6ffae8,YK Pathan,YK Pathan,32498.0,
AJ Finch,b8d490fd,AJ Finch,AJ Finch,5334.0,
BB McCullum,b8a55852,BB McCullum,BB McCullum,37737.0,
C Shamshuddin,0f9d921b,C Shamshuddin,C Shamshuddin,340535.0,
CK Nandan,012de9c4,CK Nandan,CK Nandan,31919.0,
DJ Bravo,87e562a9,DJ Bravo,DJ Bravo,51439.0,
DR Smith,35205dfc,DR Smith,DR Smith,53118.0,
DS Kulkarni,d2a989fc,DS Kulkarni,DS Kulkarni,277955.0,
ER Dwivedi,b274dbbd,ER Dwivedi,ER Dwivedi,340841.0,
KD Karthik,c03f1114,KD Karthik,KD Karthik,30045.0,
M Erasmus,15d3c895,M Erasmus,M Erasmus,44971.0,
Navdeep Singh,a3e3d8a4,Navdeep Singh,Navdeep Singh,31805.0,
P Kumar,e938e1bc,P Kumar,P Kumar,30732.0,
RA Jadeja,fe93fd9d,RA Jadeja,RA Jadeja,234675.0,
RS Mahanama,57910393,RS Mahanama,RS Mahanama,49626.0,
S Kaushik,1da489ff,S Kaushik,S Kaushik,917213.0,
SK Raina,1dc12ab9,SK Raina,SK Raina,33335.0,
TA Boult,a818c1be,TA Boult,TA Boult,277912.0,
A Deshmukh,6fda55cc,A Deshmukh,A Deshmukh,412593.0,
AB de Villiers,c4487b84,AB de Villiers,AB de Villiers,44936.0,
AK Chaudhary,fdcc6236,AK Chaudhary,AK Chaudhary,265839.0,
B Kumar,2e81a32d,B Kumar,B Kumar,326016.0,
BB Sran,d8b2f218,BB Sran,BB Sran,537126.0,
BCJ Cutting,2e11c706,BCJ Cutting,BCJ Cutting,230371.0,
BNJ Oxenford,c1add349,BNJ Oxenford,BNJ Oxenford,7029.0,
Bipul Sharma,c18496e1,Bipul Sharma,Bipul Sharma,35928.0,
CH Gayle,db584dad,CH Gayle,CH Gayle,51880.0,
CJ Jordan,ffe699c0,CJ Jordan,CJ Jordan,288992.0,
DA Warner,dcce6f09,DA Warner,DA Warner,219889.0,
DJ Hooda,73ad96ed,DJ Hooda,DJ Hooda,497121.0,
HDPK Dharmasena,323e4c16,HDPK Dharmasena,HDPK Dharmasena,48469.0,
Iqbal Abdulla,85aae393,Iqbal Abdulla,Iqbal Abdulla,277237.0,
KL Rahul,b17e2f24,KL Rahul,KL Rahul,422108.0,
MC Henriques,32198ae0,MC Henriques,MC Henriques,5961.0,
Mustafizur Rahman,0a8fce53,Mustafizur Rahman,Mustafizur Rahman,330902.0,
NV Ojha,890946a0,NV Ojha,NV Ojha,32102.0,
RS Madugalle,766b5798,RS Madugalle,RS Madugalle,49623.0,
S Aravind,957532de,S Aravind,S Aravind,290632.0,
S Dhawan,0a476045,S Dhawan,S Dhawan,28235.0,
SR Watson,4329fbb5,SR Watson,SR Watson,8180.0,
STR Binny,bd17b45f,STR Binny,STR Binny,27223.0,
Sachin Baby,dc9dd038,Sachin Baby,Sachin Baby,432783.0,
V Kohli,ba607b88,V Kohli,V Kohli,253802.0,
YS Chahal,57ee1fde,YS Chahal,YS Chahal,430246.0,
Yuvraj Singh,1c914163,Yuvraj Singh,Yuvraj Singh,36084.0,
